<modification>
    <name>OpenCart Rate Limit</name>
    <code>rate_limit</code>
    <version>1.1.1</version>
    <author>Szabó Levente</author>
    <link>https://levente.net</link>
    <file path="catalog/controller/startup/startup.php">
        <operation error="log">
            <search>
                <![CDATA[$this->registry->set('encryption', new Encryption());]]>
            </search>
            <add position="after">
                <![CDATA[
        if ($this->config->get("module_rate_limit_status")) {
            $maxRequests = $this->config->get("module_rate_limit_max_request");
            $interval = $this->config->get("module_rate_limit_interval");
            $this->registry->set('rate_limit', new RateLimit((int)$maxRequests, (int)$interval));
            if ($this->rate_limit->checkLimited()) {
                http_response_code(429);
                exit($this->config->get("module_rate_limit_message"));
            }
        }]]>
            </add>
        </operation>
    </file>
</modification>
