<modification>
    <name>Opencart Rate Limiter</name>
    <code>rate_limit</code>
    <version>1.0</version>
    <author>Szabó Levente</author>
    <link>https://levente.net</link>
    <file path="system/config/catalog.php">
        <operation error="log">
            <search>
                <![CDATA['startup/startup',]]>
            </search>
            <add position="after">
                <![CDATA[	'startup/rate_limit',]]>
            </add>
        </operation>
    </file>
</modification>
